{"cameraMode":{"drawMode":0,"name":"Shaded","section":"Shading Mode"},"sceneLighting":true,"audioPlay":false,"sceneViewState":{"showFog":true,"showMaterialUpdate":false,"showSkybox":true,"showFlares":true,"showImageEffects":true,"showParticleSystems":true},"in2DMode":false,"pivot":{"x":11.936368942260743,"y":7.120370388031006,"z":251.75341796875},"rotation":{"x":-0.013926055282354355,"y":0.9792028665542603,"z":0.07210129499435425,"w":0.18912915885448457},"size":28.523950576782228,"orthographic":false}